{
  "files": [
    {
      "filepath": "/Users/mjaskols/Projects/my/ragclaw/packages/core/src/store/search.bench.ts",
      "groups": [
        {
          "fullName": "src/store/search.bench.ts > search · 480 chunks · 8 topics",
          "benchmarks": [
            {
              "id": "-1332431510_0_0",
              "name": "keyword · single term · 'authentication'",
              "rank": 5,
              "rme": 4.998608936069913,
              "samples": [],
              "totalTime": 500.0418740000015,
              "min": 0.2670410000000629,
              "max": 6.102708000000007,
              "hz": 2673.7760766011293,
              "period": 0.37400289753178867,
              "mean": 0.37400289753178867,
              "variance": 0.12163750985039468,
              "sd": 0.34876569477285846,
              "sem": 0.00953823584550224,
              "df": 1336,
              "critical": 1.96,
              "moe": 0.01869494225718439,
              "p75": 0.3380000000000791,
              "p99": 1.3081669999999122,
              "p995": 2.4233749999999645,
              "p999": 5.684207999999899,
              "sampleCount": 1337,
              "median": 0.3109999999999218
            },
            {
              "id": "-1332431510_0_1",
              "name": "keyword · two terms · 'neural network'",
              "rank": 2,
              "rme": 1.9831981335208975,
              "samples": [],
              "totalTime": 500.1221450000112,
              "min": 0.19733399999995527,
              "max": 1.6173329999999169,
              "hz": 4031.015263281243,
              "period": 0.2480764608134976,
              "mean": 0.2480764608134976,
              "variance": 0.012702280822884056,
              "sd": 0.11270439575670532,
              "sem": 0.00251012639824387,
              "df": 2015,
              "critical": 1.96,
              "moe": 0.0049198477405579845,
              "p75": 0.2359160000000884,
              "p99": 0.7614999999999554,
              "p995": 1.1925410000001193,
              "p999": 1.569833000000017,
              "sampleCount": 2016,
              "median": 0.22250000000008185
            },
            {
              "id": "-1332431510_0_2",
              "name": "keyword · compound · 'OAuth tokens and database sharding'",
              "rank": 6,
              "rme": 10.865577698048808,
              "samples": [],
              "totalTime": 500.7689129999985,
              "min": 0.657416000000012,
              "max": 25.78287500000033,
              "hz": 1060.3693364647847,
              "period": 0.9430676327683588,
              "mean": 0.9430676327683588,
              "variance": 1.4513551589443665,
              "sd": 1.204722025591118,
              "sem": 0.052280482848773284,
              "df": 530,
              "critical": 1.96,
              "moe": 0.10246974638359563,
              "p75": 0.8719579999999496,
              "p99": 4.165666999999985,
              "p995": 6.544542000000092,
              "p999": 25.78287500000033,
              "sampleCount": 531,
              "median": 0.7814160000000356
            },
            {
              "id": "-1332431510_0_3",
              "name": "keyword · broad · 'performance'",
              "rank": 3,
              "rme": 3.707545384400052,
              "samples": [],
              "totalTime": 500.2342549999894,
              "min": 0.23216599999977916,
              "max": 6.8797920000001795,
              "hz": 3502.359109733573,
              "period": 0.28552183504565604,
              "mean": 0.28552183504565604,
              "variance": 0.05110619684438684,
              "sd": 0.22606679730643073,
              "sem": 0.005400944702392628,
              "df": 1751,
              "critical": 1.96,
              "moe": 0.01058585161668955,
              "p75": 0.2691669999999249,
              "p99": 0.8845420000002377,
              "p995": 1.2917499999998654,
              "p999": 4.0477920000003,
              "sampleCount": 1752,
              "median": 0.25158299999998235
            },
            {
              "id": "-1332431510_0_4",
              "name": "keyword · no matches · 'xyznonexistent'",
              "rank": 1,
              "rme": 4.519804027652306,
              "samples": [],
              "totalTime": 500.05274699996653,
              "min": 0.05483300000014424,
              "max": 8.103750000000218,
              "hz": 15422.373032180374,
              "period": 0.06484086449688363,
              "mean": 0.06484086449688363,
              "variance": 0.01724216039512819,
              "sd": 0.13130940710828068,
              "sem": 0.0014952449005585307,
              "df": 7711,
              "critical": 1.96,
              "moe": 0.00293068000509472,
              "p75": 0.06154099999957907,
              "p99": 0.1285410000000411,
              "p995": 0.17562499999985448,
              "p999": 0.4788330000001224,
              "sampleCount": 7712,
              "median": 0.05908300000010058
            },
            {
              "id": "-1332431510_0_5",
              "name": "keyword · limit=50 · 'deployment'",
              "rank": 4,
              "rme": 1.7136522458884287,
              "samples": [],
              "totalTime": 500.186048,
              "min": 0.2466669999998885,
              "max": 2.455500000000029,
              "hz": 3400.7346002581817,
              "period": 0.29405411405055853,
              "mean": 0.29405411405055853,
              "variance": 0.01124325549110276,
              "sd": 0.1060342184914981,
              "sem": 0.002570951494670774,
              "df": 1700,
              "critical": 1.96,
              "moe": 0.005039064929554717,
              "p75": 0.28254199999992125,
              "p99": 0.8144170000000486,
              "p995": 0.9119999999998072,
              "p999": 1.3942919999999503,
              "sampleCount": 1701,
              "median": 0.26687500000025466
            },
            {
              "id": "-1332431510_0_6",
              "name": "vector · close match · limit=10",
              "rank": 9,
              "rme": 1.5327745005142757,
              "samples": [],
              "totalTime": 503.16917199999716,
              "min": 3.96554100000003,
              "max": 6.541459000000032,
              "hz": 222.58915337524024,
              "period": 4.4925818928571175,
              "mean": 4.4925818928571175,
              "variance": 0.13522186231414196,
              "sd": 0.36772525384333066,
              "sem": 0.03474677044526969,
              "df": 111,
              "critical": 1.9818,
              "moe": 0.06886114966843547,
              "p75": 4.628541000000041,
              "p99": 5.692291999999725,
              "p995": 6.541459000000032,
              "p999": 6.541459000000032,
              "sampleCount": 112,
              "median": 4.427187499999945
            },
            {
              "id": "-1332431510_0_7",
              "name": "vector · mid-range · limit=10",
              "rank": 7,
              "rme": 1.2520843273825903,
              "samples": [],
              "totalTime": 501.75200000000405,
              "min": 3.994582999999693,
              "max": 5.81579099999999,
              "hz": 227.20387761284275,
              "period": 4.401333333333369,
              "mean": 4.401333333333369,
              "variance": 0.08818530366632536,
              "sd": 0.2969601045028193,
              "sem": 0.027812862048315765,
              "df": 113,
              "critical": 1.9814,
              "moe": 0.05510840486253286,
              "p75": 4.490415999999641,
              "p99": 5.5410830000000715,
              "p995": 5.81579099999999,
              "p999": 5.81579099999999,
              "sampleCount": 114,
              "median": 4.373791500000152
            },
            {
              "id": "-1332431510_0_8",
              "name": "vector · limit=50",
              "rank": 12,